we,30,1
freedom,20,2
our,17,3
let,13,4
negro,13,5
not,13,6
day,12,7
dream,11,8
ring,11,9
come,10,10
every,10,11
nation,10,12
back,9,13
go,9,14
able,8,15
justice,8,16
must,8,17
all,7,18
satisfied,7,19
today,7,20
when,7,21
cannot,6,22
long,6,23
men,6,24
now,6,25
together,6,26
white,6,27
america,5,28
check,5,29
children,5,30
faith,5,31
free,5,32
great,5,33
my,5,34
new,5,35
shall,5,36
time,5,37
years,5,38
american,4,39
black,4,40
down,4,41
hope,4,42
hundred,4,43
into,4,44
land,4,45
later,4,46
mississippi,4,47
mountain,4,48
still,4,49
until,4,50
up,4,51
us,4,52
who,4,53
alabama,3,54
brotherhood,3,55
georgia,3,56
god's,3,57
here,3,58
injustice,3,59
its,3,60
join,3,61
little,3,62
made,3,63
make,3,64
never,3,65
no,3,66
note,3,67
people,3,68
rights,3,69
rise,3,70
sing,3,71
stand,3,72
state,3,73
sweltering,3,74
valley,3,75
we've,3,76
where,3,77
words,3,78
again,2,79
allow,2,80
am,2,81
been,2,82
believe,2,83
boys,2,84
brothers,2,85
brutality,2,86
came,2,87
cash,2,88
cities,2,89
color,2,90
content,2,91
continue,2,92
creative,2,93
despair,2,94
destiny,2,95
dignity,2,96
end,2,97
even,2,98
force,2,99
former,2,100
funds,2,101
girls,2,102
hands,2,103
heat,2,104
hill,2,105
history,2,106
insufficient,2,107
jail,2,108
knowing,2,109
last!,2,110
liberty,2,111
life,2,112
like,2,113
live,2,114
meaning,2,115
mighty,2,116
mountainside,2,117
negro's,2,118
off,2,119
only,2,120
physical,2,121
places,2,122
police,2,123
promissory,2,124
quest,2,125
racial,2,126
realize,2,127
refuse,2,128
say,2,129
segregation,2,130
slaves,2,131
sons,2,132
south,2,133
stone,2,134
struggle,2,135
suffering,2,136
thee,2,137
those,2,138
today!,2,139
true,2,140
urgency,2,141
vote,2,142
walk,2,143
work,2,144
would,2,145
york,2,146
'tis,1,147
ago,1,148
ahead,1,149
alleghenies,1,150
almighty,1,151
alone,1,152
also,1,153
always,1,154
architects,1,155
areas,1,156
asking,1,157
autumn,1,158
awakening,1,159
bad,1,160
bank,1,161
bankrupt,1,162
basic,1,163
battered,1,164
beacon,1,165
beautiful,1,166
become,1,167
beginning,1,168
believes,1,169
bitterness,1,170
blow,1,171
bodies,1,172
bound,1,173
bright,1,174
business,1,175
california,1,176
capital,1,177
captivity,1,178
carolina,1,179
catholics,1,180
cells,1,181
chains,1,182
changed,1,183
character,1,184
citizens,1,185
citizenship,1,186
city,1,187
civil,1,188
colorado,1,189
community,1,190
concerned,1,191
condition,1,192
conduct,1,193
constitution,1,194
cooling,1,195
corners,1,196
country,1,197
created,1,198
creed,1,199
crippled,1,200
crooked,1,201
cup,1,202
curvaceous,1,203
dark,1,204
daybreak,1,205
declaration,1,206
decree,1,207
deeds,1,208
deeply,1,209
defaulted,1,210
degenerate,1,211
demand,1,212
democracy,1,213
demonstration,1,214
desolate,1,215
devotees,1,216
died,1,217
difficulties,1,218
discipline,1,219
discontent,1,220
discords,1,221
discrimination,1,222
distrust,1,223
dramatize,1,224
drinking,1,225
dripping,1,226
drug,1,227
emancipation,1,228
emerges,1,229
engage,1,230
engulfed,1,231
equal,1,232
equality,1,233
evidenced,1,234
exalted,1,235
exile,1,236
face,1,237
fall,1,238
fatal,1,239
fathers,1,240
fatigue,1,241
fierce,1,242
finds,1,243
five,1,244
flames,1,245
flesh,1,246
forever,1,247
foundations,1,248
four,1,249
fresh,1,250
friends,1,251
gain,1,252
gaining,1,253
gentiles,1,254
ghetto,1,255
ghettos,1,256
give,1,257
given,1,258
glory,1,259
god,1,260
governor,1,261
gradualism,1,262
granted,1,263
greatest,1,264
guaranteed,1,265
guilty,1,266
hallowed,1,267
hamlet,1,268
hampshire,1,269
happens,1,270
happiness,1,271
happy,1,272
hatred,1,273
having,1,274
heavy,1,275
heightening,1,276
heights,1,277
heir,1,278
her,1,279
hew,1,280
high,1,281
highways,1,282
hills,1,283
hilltops,1,284
himself,1,285
hold,1,286
honoring,1,287
horrors,1,288
hotels,1,289
independence,1,290
inextricably,1,291
insofar,1,292
instead,1,293
interposition,1,294
invigorating,1,295
island,1,296
jangling,1,297
jews,1,298
joyous,1,299
judged,1,300
languished,1,301
larger,1,302
last!3,1,303
lead,1,304
leads,1,305
left,1,306
legitimate,1,307
lift,1,308
light,1,309
lips,1,310
lives,1,311
lodging,1,312
lonely,1,313
lookout,1,314
lord,1,315
louisiana,1,316
low,1,317
luxury,1,318
magnificent,1,319
majestic,1,320
manacles,1,321
many,1,322
march,1,323
marked,1,324
marvelous,1,325
material,1,326
meeting,1,327
midst,1,328
militancy,1,329
millions,1,330
mobility,1,331
molehill,1,332
moment,1,333
momentous,1,334
motels,1,335
mountains,1,336
narrow,1,337
nation's,1,338
needed,1,339
neither,1,340
night,1,341
nineteen,1,342
nor,1,343
northern,1,344
nothing,1,345
nullification,1,346
oasis,1,347
obligation,1,348
obvious,1,349
ocean,1,350
old,1,351
opportunity,1,352
oppression,1,353
overlook,1,354
own,1,355
owners,1,356
palace,1,357
pass,1,358
path,1,359
pennsylvania,1,360
persecution,1,361
pilgrim's,1,362
place,1,363
plain,1,364
plane,1,365
pledge,1,366
poverty,1,367
pray,1,368
presence,1,369
pride,1,370
process,1,371
proclamation,1,372
prodigious,1,373
promise,1,374
promises,1,375
prosperity,1,376
protest,1,377
protestants,1,378
pursuit,1,379
quicksands,1,380
racists,1,381
real,1,382
reality,1,383
red,1,384
redemptive,1,385
remind,1,386
republic,1,387
rest,1,388
returns,1,389
revealed,1,390
revolt,1,391
riches,1,392
right,1,393
righteousness,1,394
rightful,1,395
ring!,1,396
robbed,1,397
rock,1,398
rockies,1,399
rolls,1,400
rooted,1,401
rough,1,402
rude,1,403
sacred,1,404
sadly,1,405
satisfied?,1,406
satisfy,1,407
score,1,408
seared,1,409
security,1,410
see,1,411
seek,1,412
selfevident,1,413
selfhood,1,414
sense,1,415
shadow,1,416
shake,1,417
shameful,1,418
signed,1,419
signing,1,420
signs,1,421
sisters,1,422
sit,1,423
situation,1,424
sixtythree,1,425
skin,1,426
slave,1,427
slopes,1,428
slums,1,429
smaller,1,430
snowcapped,1,431
society,1,432
solid,1,433
somehow,1,434
something,1,435
soul,1,436
speed,1,437
spiritual,1,438
spot,1,439
staggered,1,440
stating,1,441
steam,1,442
storms,1,443
straight,1,444
stream¹,1,445
stripped,1,446
summer,1,447
sunlit,1,448
sweet,1,449
symbolic,1,450
symphony,1,451
table,1,452
take,1,453
tennessee,1,454
thank,1,455
these,1,456
thirst,1,457
though,1,458
threshold,1,459
tied,1,460
together2,1,461
tomorrow,1,462
tranquility,1,463
tranquilizing,1,464
transform,1,465
transformed,1,466
travel,1,467
trials,1,468
tribulations,1,469
truths,1,470
turn,1,471
unalienable,1,472
unearned,1,473
unmindful,1,474
unspeakable,1,475
upon,1,476
usual,1,477
vast,1,478
vaults,1,479
veterans,1,480
vicious,1,481
victim,1,482
village,1,483
violence,1,484
wallow,1,485
warm,1,486
waters,1,487
well,1,488
whirlwinds,1,489
whites,1,490
whose,1,491
winds,1,492
withering,1,493
wrongful,1,494
wrote,1,495
yes,1,496
your,1,497
